<?xml version="1.0" encoding="utf-8"?>
<MosaicReferencePoints>
   <NumPoints>92</NumPoints>
   <Ref1>
      <Name>w08_st01_sec01</Name>
      <Complete>true</Complete>
      <Stage>
         <X>-101067.554695686</X>
         <Y>-33712.9394338422</Y>
         <Z>876.101</Z>
         <M>0</M>
         <Tilt>-1</Tilt>
         <Rot>243.27</Rot>
      </Stage>
      <Beam>
         <ScanRot>9.99999970909292</ScanRot>
         <WD>0.00739465979859233</WD>
         <StigX>0.518019258975983</StigX>
         <StigY>0.0674799829721451</StigY>
      </Beam>
      <Detector>
         <B>73.2112350463867</B>
         <C>44.3711853027344</C>
      </Detector>
      <WDcomp mode="none"/>
   </Ref1>
   <Ref2>
      <Name>w08_st01_sec02</Name>
      <Complete>true</Complete>
      <Stage>
         <X>-100317.417815663</X>
         <Y>-40674.6935485437</Y>
         <Z>876.101</Z>
         <M>0</M>
         <Tilt>-1</Tilt>
         <Rot>243.27</Rot>
      </Stage>
      <Beam>
         <ScanRot>9.99999970909292</ScanRot>
         <WD>0.00739465979859233</WD>
         <StigX>0.518019258975983</StigX>
         <StigY>0.0674799829721451</StigY>
      </Beam>
      <Detector>
         <B>73.2112350463867</B>
         <C>44.3711853027344</C>
      </Detector>
      <WDcomp mode="none"/>
   </Ref2>
   <Ref3>
      <Name>w08_st01_sec03</Name>
      <Complete>true</Complete>
      <Stage>
         <X>-99567.28093564</X>
         <Y>-47636.4476632451</Y>
         <Z>876.101</Z>
         <M>0</M>
         <Tilt>-1</Tilt>
         <Rot>243.27</Rot>
      </Stage>
      <Beam>
         <ScanRot>9.99999970909292</ScanRot>
         <WD>0.00739465979859233</WD>
         <StigX>0.518019258975983</StigX>
         <StigY>0.0674799829721451</StigY>
      </Beam>
      <Detector>
         <B>73.2112350463867</B>
         <C>44.3711853027344</C>
      </Detector>
      <WDcomp mode="none"/>
   </Ref3>
   <Ref4>
      <Name>w08_st01_sec04</Name>
      <Complete>true</Complete>
      <Stage>
         <X>-98907.7989481271</X>
         <Y>-54704.2025440519</Y>
         <Z>876.101</Z>
         <M>0</M>
         <Tilt>-1</Tilt>
         <Rot>243.27</Rot>
      </Stage>
      <Beam>
         <ScanRot>9.99999970909292</ScanRot>
         <WD>0.00739465979859233</WD>
         <StigX>0.518019258975983</StigX>
         <StigY>0.0674799829721451</StigY>
      </Beam>
      <Detector>
         <B>73.2112350463867</B>
         <C>44.3711853027344</C>
      </Detector>
      <WDcomp mode="none"/>
   </Ref4>
   <Ref5>
      <Name>w08_st01_sec05</Name>
      <Complete>true</Complete>
      <Stage>
         <X>-98157.662068104</X>
         <Y>-61665.9566587534</Y>
         <Z>876.101</Z>
         <M>0</M>
         <Tilt>-1</Tilt>
         <Rot>243.27</Rot>
      </Stage>
      <Beam>
         <ScanRot>9.99999970909292</ScanRot>
         <WD>0.00739465979859233</WD>
         <StigX>0.518019258975983</StigX>
         <StigY>0.0674799829721451</StigY>
      </Beam>
      <Detector>
         <B>73.2112350463867</B>
         <C>44.3711853027344</C>
      </Detector>
      <WDcomp mode="none"/>
   </Ref5>
   <Ref6>
      <Name>w08_st01_sec06</Name>
      <Complete>true</Complete>
      <Stage>
         <X>-97407.5251880808</X>
         <Y>-68627.7107734548</Y>
         <Z>876.101</Z>
         <M>0</M>
         <Tilt>-1</Tilt>
         <Rot>243.27</Rot>
      </Stage>
      <Beam>
         <ScanRot>9.99999970909292</ScanRot>
         <WD>0.00739465979859233</WD>
         <StigX>0.518019258975983</StigX>
         <StigY>0.0674799829721451</StigY>
      </Beam>
      <Detector>
         <B>73.2112350463867</B>
         <C>44.3711853027344</C>
      </Detector>
      <WDcomp mode="none"/>
   </Ref6>
   <Ref7>
      <Name>w08_st01_sec07</Name>
      <Complete>true</Complete>
      <Stage>
         <X>-96566.7334155475</X>
         <Y>-75483.4641220509</Y>
         <Z>876.101</Z>
         <M>0</M>
         <Tilt>-1</Tilt>
         <Rot>243.27</Rot>
      </Stage>
      <Beam>
         <ScanRot>9.99999970909292</ScanRot>
         <WD>0.00739465979859233</WD>
         <StigX>0.518019258975983</StigX>
         <StigY>0.0674799829721451</StigY>
      </Beam>
      <Detector>
         <B>73.2112350463867</B>
         <C>44.3711853027344</C>
      </Detector>
      <WDcomp mode="none"/>
   </Ref7>
   <Ref8>
      <Name>w08_st01_sec08</Name>
      <Complete>true</Complete>
      <Stage>
         <X>-95816.5965355244</X>
         <Y>-82445.2182367523</Y>
         <Z>876.101</Z>
         <M>0</M>
         <Tilt>-1</Tilt>
         <Rot>243.27</Rot>
      </Stage>
      <Beam>
         <ScanRot>9.99999970909292</ScanRot>
         <WD>0.00739465979859233</WD>
         <StigX>0.518019258975983</StigX>
         <StigY>0.0674799829721451</StigY>
      </Beam>
      <Detector>
         <B>73.2112350463867</B>
         <C>44.3711853027344</C>
      </Detector>
      <WDcomp mode="none"/>
   </Ref8>
   <Ref9>
      <Name>w08_st01_sec09</Name>
      <Complete>true</Complete>
      <Stage>
         <X>-94975.804762991</X>
         <Y>-89300.9715853484</Y>
         <Z>876.101</Z>
         <M>0</M>
         <Tilt>-1</Tilt>
         <Rot>243.27</Rot>
      </Stage>
      <Beam>
         <ScanRot>9.99999970909292</ScanRot>
         <WD>0.00739465979859233</WD>
         <StigX>0.518019258975983</StigX>
         <StigY>0.0674799829721451</StigY>
      </Beam>
      <Detector>
         <B>73.2112350463867</B>
         <C>44.3711853027344</C>
      </Detector>
      <WDcomp mode="none"/>
   </Ref9>
   <Ref10>
      <Name>w08_st02_sec01</Name>
      <Complete>true</Complete>
      <Stage>
         <X>-92200.2891810025</X>
         <Y>-29358.023202853</Y>
         <Z>876.101</Z>
         <M>0</M>
         <Tilt>-1</Tilt>
         <Rot>243.27</Rot>
      </Stage>
      <Beam>
         <ScanRot>9.99999970909292</ScanRot>
         <WD>0.00739465979859233</WD>
         <StigX>0.518019258975983</StigX>
         <StigY>0.0674799829721451</StigY>
      </Beam>
      <Detector>
         <B>73.2112350463867</B>
         <C>44.3711853027344</C>
      </Detector>
      <WDcomp mode="none"/>
   </Ref10>
   <Ref11>
      <Name>w08_st02_sec02</Name>
      <Complete>true</Complete>
      <Stage>
         <X>-91450.1523009794</X>
         <Y>-36319.7773175545</Y>
         <Z>876.101</Z>
         <M>0</M>
         <Tilt>-1</Tilt>
         <Rot>243.27</Rot>
      </Stage>
      <Beam>
         <ScanRot>9.99999970909292</ScanRot>
         <WD>0.00739465979859233</WD>
         <StigX>0.518019258975983</StigX>
         <StigY>0.0674799829721451</StigY>
      </Beam>
      <Detector>
         <B>73.2112350463867</B>
         <C>44.3711853027344</C>
      </Detector>
      <WDcomp mode="none"/>
   </Ref11>
   <Ref12>
      <Name>w08_st02_sec03</Name>
      <Complete>true</Complete>
      <Stage>
         <X>-90896.9095099494</X>
         <Y>-43296.9917138663</Y>
         <Z>876.101</Z>
         <M>0</M>
         <Tilt>-1</Tilt>
         <Rot>243.27</Rot>
      </Stage>
      <Beam>
         <ScanRot>9.99999970909292</ScanRot>
         <WD>0.00739465979859233</WD>
         <StigX>0.518019258975983</StigX>
         <StigY>0.0674799829721451</StigY>
      </Beam>
      <Detector>
         <B>73.2112350463867</B>
         <C>44.3711853027344</C>
      </Detector>
      <WDcomp mode="none"/>
   </Ref12>
   <Ref13>
      <Name>w08_st02_sec04</Name>
      <Complete>true</Complete>
      <Stage>
         <X>-90138.9804779399</X>
         <Y>-50357.0164538679</Y>
         <Z>876.101</Z>
         <M>0</M>
         <Tilt>-1</Tilt>
         <Rot>243.27</Rot>
      </Stage>
      <Beam>
         <ScanRot>9.99999970909292</ScanRot>
         <WD>0.00739465979859233</WD>
         <StigX>0.518019258975983</StigX>
         <StigY>0.0674799829721451</StigY>
      </Beam>
      <Detector>
         <B>73.2112350463867</B>
         <C>44.3711853027344</C>
      </Detector>
      <WDcomp mode="none"/>
   </Ref13>
   <Ref14>
      <Name>w08_st02_sec05</Name>
      <Complete>true</Complete>
      <Stage>
         <X>-89487.2906424133</X>
         <Y>-57326.5007093746</Y>
         <Z>876.101</Z>
         <M>0</M>
         <Tilt>-1</Tilt>
         <Rot>243.27</Rot>
      </Stage>
      <Beam>
         <ScanRot>9.99999970909292</ScanRot>
         <WD>0.00739465979859233</WD>
         <StigX>0.518019258975983</StigX>
         <StigY>0.0674799829721451</StigY>
      </Beam>
      <Detector>
         <B>73.2112350463867</B>
         <C>44.3711853027344</C>
      </Detector>
      <WDcomp mode="none"/>
   </Ref14>
   <Ref15>
      <Name>w08_st02_sec06</Name>
      <Complete>true</Complete>
      <Stage>
         <X>-88737.1537623902</X>
         <Y>-64288.254824076</Y>
         <Z>876.101</Z>
         <M>0</M>
         <Tilt>-1</Tilt>
         <Rot>243.27</Rot>
      </Stage>
      <Beam>
         <ScanRot>9.99999970909292</ScanRot>
         <WD>0.00739465979859233</WD>
         <StigX>0.518019258975983</StigX>
         <StigY>0.0674799829721451</StigY>
      </Beam>
      <Detector>
         <B>73.2112350463867</B>
         <C>44.3711853027344</C>
      </Detector>
      <WDcomp mode="none"/>
   </Ref15>
   <Ref16>
      <Name>w08_st02_sec07</Name>
      <Complete>true</Complete>
      <Stage>
         <X>-88085.4639268636</X>
         <Y>-71257.7390795826</Y>
         <Z>876.101</Z>
         <M>0</M>
         <Tilt>-1</Tilt>
         <Rot>243.27</Rot>
      </Stage>
      <Beam>
         <ScanRot>9.99999970909292</ScanRot>
         <WD>0.00739465979859233</WD>
         <StigX>0.518019258975983</StigX>
         <StigY>0.0674799829721451</StigY>
      </Beam>
      <Detector>
         <B>73.2112350463867</B>
         <C>44.3711853027344</C>
      </Detector>
      <WDcomp mode="none"/>
   </Ref16>
   <Ref17>
      <Name>w08_st02_sec08</Name>
      <Complete>true</Complete>
      <Stage>
         <X>-87335.3270468405</X>
         <Y>-78219.4931942841</Y>
         <Z>876.101</Z>
         <M>0</M>
         <Tilt>-1</Tilt>
         <Rot>243.27</Rot>
      </Stage>
      <Beam>
         <ScanRot>9.99999970909292</ScanRot>
         <WD>0.00739465979859233</WD>
         <StigX>0.518019258975983</StigX>
         <StigY>0.0674799829721451</StigY>
      </Beam>
      <Detector>
         <B>73.2112350463867</B>
         <C>44.3711853027344</C>
      </Detector>
      <WDcomp mode="none"/>
   </Ref17>
   <Ref18>
      <Name>w08_st02_sec09</Name>
      <Complete>true</Complete>
      <Stage>
         <X>-86683.6372113139</X>
         <Y>-85188.9774497907</Y>
         <Z>876.101</Z>
         <M>0</M>
         <Tilt>-1</Tilt>
         <Rot>243.27</Rot>
      </Stage>
      <Beam>
         <ScanRot>9.99999970909292</ScanRot>
         <WD>0.00739465979859233</WD>
         <StigX>0.518019258975983</StigX>
         <StigY>0.0674799829721451</StigY>
      </Beam>
      <Detector>
         <B>73.2112350463867</B>
         <C>44.3711853027344</C>
      </Detector>
      <WDcomp mode="none"/>
   </Ref18>
   <Ref19>
      <Name>w08_st02_sec10</Name>
      <Complete>true</Complete>
      <Stage>
         <X>-85941.2924832771</X>
         <Y>-92052.460939192</Y>
         <Z>876.101</Z>
         <M>0</M>
         <Tilt>-1</Tilt>
         <Rot>243.27</Rot>
      </Stage>
      <Beam>
         <ScanRot>9.99999970909292</ScanRot>
         <WD>0.00739465979859233</WD>
         <StigX>0.518019258975983</StigX>
         <StigY>0.0674799829721451</StigY>
      </Beam>
      <Detector>
         <B>73.2112350463867</B>
         <C>44.3711853027344</C>
      </Detector>
      <WDcomp mode="none"/>
   </Ref19>
   <Ref20>
      <Name>w08_st03_sec01</Name>
      <Complete>true</Complete>
      <Stage>
         <X>-84527.8822149154</X>
         <Y>-22427.1014968113</Y>
         <Z>876.101</Z>
         <M>0</M>
         <Tilt>-1</Tilt>
         <Rot>243.27</Rot>
      </Stage>
      <Beam>
         <ScanRot>9.99999970909292</ScanRot>
         <WD>0.00739465979859233</WD>
         <StigX>0.518019258975983</StigX>
         <StigY>0.0674799829721451</StigY>
      </Beam>
      <Detector>
         <B>73.2112350463867</B>
         <C>44.3711853027344</C>
      </Detector>
      <WDcomp mode="none"/>
   </Ref20>
   <Ref21>
      <Name>w08_st03_sec02</Name>
      <Complete>true</Complete>
      <Stage>
         <X>-83876.1923793888</X>
         <Y>-29396.5857523179</Y>
         <Z>876.101</Z>
         <M>0</M>
         <Tilt>-1</Tilt>
         <Rot>243.27</Rot>
      </Stage>
      <Beam>
         <ScanRot>9.99999970909292</ScanRot>
         <WD>0.00739465979859233</WD>
         <StigX>0.518019258975983</StigX>
         <StigY>0.0674799829721451</StigY>
      </Beam>
      <Detector>
         <B>73.2112350463867</B>
         <C>44.3711853027344</C>
      </Detector>
      <WDcomp mode="none"/>
   </Ref21>
   <Ref22>
      <Name>w08_st03_sec03</Name>
      <Complete>true</Complete>
      <Stage>
         <X>-83232.2946958485</X>
         <Y>-36267.7993825244</Y>
         <Z>876.101</Z>
         <M>0</M>
         <Tilt>-1</Tilt>
         <Rot>243.27</Rot>
      </Stage>
      <Beam>
         <ScanRot>9.99999970909292</ScanRot>
         <WD>0.00739465979859233</WD>
         <StigX>0.518019258975983</StigX>
         <StigY>0.0674799829721451</StigY>
      </Beam>
      <Detector>
         <B>73.2112350463867</B>
         <C>44.3711853027344</C>
      </Detector>
      <WDcomp mode="none"/>
   </Ref22>
   <Ref23>
      <Name>w08_st03_sec04</Name>
      <Complete>true</Complete>
      <Stage>
         <X>-82580.6048603219</X>
         <Y>-43237.283638031</Y>
         <Z>876.101</Z>
         <M>0</M>
         <Tilt>-1</Tilt>
         <Rot>243.27</Rot>
      </Stage>
      <Beam>
         <ScanRot>9.99999970909292</ScanRot>
         <WD>0.00739465979859233</WD>
         <StigX>0.518019258975983</StigX>
         <StigY>0.0674799829721451</StigY>
      </Beam>
      <Detector>
         <B>73.2112350463867</B>
         <C>44.3711853027344</C>
      </Detector>
      <WDcomp mode="none"/>
   </Ref23>
   <Ref24>
      <Name>w08_st03_sec05</Name>
      <Complete>true</Complete>
      <Stage>
         <X>-81928.9150247953</X>
         <Y>-50206.7678935377</Y>
         <Z>876.101</Z>
         <M>0</M>
         <Tilt>-1</Tilt>
         <Rot>243.27</Rot>
      </Stage>
      <Beam>
         <ScanRot>9.99999970909292</ScanRot>
         <WD>0.00739465979859233</WD>
         <StigX>0.518019258975983</StigX>
         <StigY>0.0674799829721451</StigY>
      </Beam>
      <Detector>
         <B>73.2112350463867</B>
         <C>44.3711853027344</C>
      </Detector>
      <WDcomp mode="none"/>
   </Ref24>
   <Ref25>
      <Name>w08_st03_sec06</Name>
      <Complete>true</Complete>
      <Stage>
         <X>-81186.5702967585</X>
         <Y>-57070.2513829389</Y>
         <Z>876.101</Z>
         <M>0</M>
         <Tilt>-1</Tilt>
         <Rot>243.27</Rot>
      </Stage>
      <Beam>
         <ScanRot>9.99999970909292</ScanRot>
         <WD>0.00739465979859233</WD>
         <StigX>0.518019258975983</StigX>
         <StigY>0.0674799829721451</StigY>
      </Beam>
      <Detector>
         <B>73.2112350463867</B>
         <C>44.3711853027344</C>
      </Detector>
      <WDcomp mode="none"/>
   </Ref25>
   <Ref26>
      <Name>w08_st03_sec07</Name>
      <Complete>true</Complete>
      <Stage>
         <X>-80527.0883092456</X>
         <Y>-64138.0062637457</Y>
         <Z>876.101</Z>
         <M>0</M>
         <Tilt>-1</Tilt>
         <Rot>243.27</Rot>
      </Stage>
      <Beam>
         <ScanRot>9.99999970909292</ScanRot>
         <WD>0.00739465979859233</WD>
         <StigX>0.518019258975983</StigX>
         <StigY>0.0674799829721451</StigY>
      </Beam>
      <Detector>
         <B>73.2112350463867</B>
         <C>44.3711853027344</C>
      </Detector>
      <WDcomp mode="none"/>
   </Ref26>
   <Ref27>
      <Name>w08_st03_sec08</Name>
      <Complete>true</Complete>
      <Stage>
         <X>-79875.398473719</X>
         <Y>-71107.4905192524</Y>
         <Z>876.101</Z>
         <M>0</M>
         <Tilt>-1</Tilt>
         <Rot>243.27</Rot>
      </Stage>
      <Beam>
         <ScanRot>9.99999970909292</ScanRot>
         <WD>0.00739465979859233</WD>
         <StigX>0.518019258975983</StigX>
         <StigY>0.0674799829721451</StigY>
      </Beam>
      <Detector>
         <B>73.2112350463867</B>
         <C>44.3711853027344</C>
      </Detector>
      <WDcomp mode="none"/>
   </Ref27>
   <Ref28>
      <Name>w08_st03_sec09</Name>
      <Complete>true</Complete>
      <Stage>
         <X>-79223.7086381924</X>
         <Y>-78076.974774759</Y>
         <Z>876.101</Z>
         <M>0</M>
         <Tilt>-1</Tilt>
         <Rot>243.27</Rot>
      </Stage>
      <Beam>
         <ScanRot>9.99999970909292</ScanRot>
         <WD>0.00739465979859233</WD>
         <StigX>0.518019258975983</StigX>
         <StigY>0.0674799829721451</StigY>
      </Beam>
      <Detector>
         <B>73.2112350463867</B>
         <C>44.3711853027344</C>
      </Detector>
      <WDcomp mode="none"/>
   </Ref28>
   <Ref29>
      <Name>w08_st03_sec10</Name>
      <Complete>true</Complete>
      <Stage>
         <X>-78465.779606183</X>
         <Y>-85136.9995147606</Y>
         <Z>876.101</Z>
         <M>0</M>
         <Tilt>-1</Tilt>
         <Rot>243.27</Rot>
      </Stage>
      <Beam>
         <ScanRot>9.99999970909292</ScanRot>
         <WD>0.00739465979859233</WD>
         <StigX>0.518019258975983</StigX>
         <StigY>0.0674799829721451</StigY>
      </Beam>
      <Detector>
         <B>73.2112350463867</B>
         <C>44.3711853027344</C>
      </Detector>
      <WDcomp mode="none"/>
   </Ref29>
   <Ref30>
      <Name>w08_st03_sec11</Name>
      <Complete>true</Complete>
      <Stage>
         <X>-77814.0897706564</X>
         <Y>-92106.4837702673</Y>
         <Z>876.101</Z>
         <M>0</M>
         <Tilt>-1</Tilt>
         <Rot>243.27</Rot>
      </Stage>
      <Beam>
         <ScanRot>9.99999970909292</ScanRot>
         <WD>0.00739465979859233</WD>
         <StigX>0.518019258975983</StigX>
         <StigY>0.0674799829721451</StigY>
      </Beam>
      <Detector>
         <B>73.2112350463867</B>
         <C>44.3711853027344</C>
      </Detector>
      <WDcomp mode="none"/>
   </Ref30>
   <Ref31>
      <Name>w08_st03_sec12</Name>
      <Complete>true</Complete>
      <Stage>
         <X>-77170.1920871161</X>
         <Y>-98977.6974004737</Y>
         <Z>876.101</Z>
         <M>0</M>
         <Tilt>-1</Tilt>
         <Rot>243.27</Rot>
      </Stage>
      <Beam>
         <ScanRot>9.99999970909292</ScanRot>
         <WD>0.00739465979859233</WD>
         <StigX>0.518019258975983</StigX>
         <StigY>0.0674799829721451</StigY>
      </Beam>
      <Detector>
         <B>73.2112350463867</B>
         <C>44.3711853027344</C>
      </Detector>
      <WDcomp mode="none"/>
   </Ref31>
   <Ref32>
      <Name>w08_st04_sec01</Name>
      <Complete>true</Complete>
      <Stage>
         <X>-75986.3657996753</X>
         <Y>-21459.7673708589</Y>
         <Z>876.101</Z>
         <M>0</M>
         <Tilt>-1</Tilt>
         <Rot>243.27</Rot>
      </Stage>
      <Beam>
         <ScanRot>9.99999970909292</ScanRot>
         <WD>0.00739465979859233</WD>
         <StigX>0.518019258975983</StigX>
         <StigY>0.0674799829721451</StigY>
      </Beam>
      <Detector>
         <B>73.2112350463867</B>
         <C>44.3711853027344</C>
      </Detector>
      <WDcomp mode="none"/>
   </Ref32>
   <Ref33>
      <Name>w08_st04_sec02</Name>
      <Complete>true</Complete>
      <Stage>
         <X>-75334.6759641487</X>
         <Y>-28429.2516263656</Y>
         <Z>876.101</Z>
         <M>0</M>
         <Tilt>-1</Tilt>
         <Rot>243.27</Rot>
      </Stage>
      <Beam>
         <ScanRot>9.99999970909292</ScanRot>
         <WD>0.00739465979859233</WD>
         <StigX>0.518019258975983</StigX>
         <StigY>0.0674799829721451</StigY>
      </Beam>
      <Detector>
         <B>73.2112350463867</B>
         <C>44.3711853027344</C>
      </Detector>
      <WDcomp mode="none"/>
   </Ref33>
   <Ref34>
      <Name>w08_st04_sec03</Name>
      <Complete>true</Complete>
      <Stage>
         <X>-74690.7782806085</X>
         <Y>-35300.465256572</Y>
         <Z>876.101</Z>
         <M>0</M>
         <Tilt>-1</Tilt>
         <Rot>243.27</Rot>
      </Stage>
      <Beam>
         <ScanRot>9.99999970909292</ScanRot>
         <WD>0.00739465979859233</WD>
         <StigX>0.518019258975983</StigX>
         <StigY>0.0674799829721451</StigY>
      </Beam>
      <Detector>
         <B>73.2112350463867</B>
         <C>44.3711853027344</C>
      </Detector>
      <WDcomp mode="none"/>
   </Ref34>
   <Ref35>
      <Name>w08_st04_sec04</Name>
      <Complete>true</Complete>
      <Stage>
         <X>-74039.0884450819</X>
         <Y>-42269.9495120787</Y>
         <Z>876.101</Z>
         <M>0</M>
         <Tilt>-1</Tilt>
         <Rot>243.27</Rot>
      </Stage>
      <Beam>
         <ScanRot>9.99999970909292</ScanRot>
         <WD>0.00739465979859233</WD>
         <StigX>0.518019258975983</StigX>
         <StigY>0.0674799829721451</StigY>
      </Beam>
      <Detector>
         <B>73.2112350463867</B>
         <C>44.3711853027344</C>
      </Detector>
      <WDcomp mode="none"/>
   </Ref35>
   <Ref36>
      <Name>w08_st04_sec05</Name>
      <Complete>true</Complete>
      <Stage>
         <X>-73387.3986095553</X>
         <Y>-49239.4337675853</Y>
         <Z>876.101</Z>
         <M>0</M>
         <Tilt>-1</Tilt>
         <Rot>243.27</Rot>
      </Stage>
      <Beam>
         <ScanRot>9.99999970909292</ScanRot>
         <WD>0.00739465979859233</WD>
         <StigX>0.518019258975983</StigX>
         <StigY>0.0674799829721451</StigY>
      </Beam>
      <Detector>
         <B>73.2112350463867</B>
         <C>44.3711853027344</C>
      </Detector>
      <WDcomp mode="none"/>
   </Ref36>
   <Ref37>
      <Name>w08_st04_sec06</Name>
      <Complete>true</Complete>
      <Stage>
         <X>-72735.7087740287</X>
         <Y>-56208.9180230919</Y>
         <Z>876.101</Z>
         <M>0</M>
         <Tilt>-1</Tilt>
         <Rot>243.27</Rot>
      </Stage>
      <Beam>
         <ScanRot>9.99999970909292</ScanRot>
         <WD>0.00739465979859233</WD>
         <StigX>0.518019258975983</StigX>
         <StigY>0.0674799829721451</StigY>
      </Beam>
      <Detector>
         <B>73.2112350463867</B>
         <C>44.3711853027344</C>
      </Detector>
      <WDcomp mode="none"/>
   </Ref37>
   <Ref38>
      <Name>w08_st04_sec07</Name>
      <Complete>true</Complete>
      <Stage>
         <X>-72084.0189385022</X>
         <Y>-63178.4022785986</Y>
         <Z>876.101</Z>
         <M>0</M>
         <Tilt>-1</Tilt>
         <Rot>243.27</Rot>
      </Stage>
      <Beam>
         <ScanRot>9.99999970909292</ScanRot>
         <WD>0.00739465979859233</WD>
         <StigX>0.518019258975983</StigX>
         <StigY>0.0674799829721451</StigY>
      </Beam>
      <Detector>
         <B>73.2112350463867</B>
         <C>44.3711853027344</C>
      </Detector>
      <WDcomp mode="none"/>
   </Ref38>
   <Ref39>
      <Name>w08_st04_sec08</Name>
      <Complete>true</Complete>
      <Stage>
         <X>-71424.5369509892</X>
         <Y>-70246.1571594054</Y>
         <Z>876.101</Z>
         <M>0</M>
         <Tilt>-1</Tilt>
         <Rot>243.27</Rot>
      </Stage>
      <Beam>
         <ScanRot>9.99999970909292</ScanRot>
         <WD>0.00739465979859233</WD>
         <StigX>0.518019258975983</StigX>
         <StigY>0.0674799829721451</StigY>
      </Beam>
      <Detector>
         <B>73.2112350463867</B>
         <C>44.3711853027344</C>
      </Detector>
      <WDcomp mode="none"/>
   </Ref39>
   <Ref40>
      <Name>w08_st04_sec09</Name>
      <Complete>true</Complete>
      <Stage>
         <X>-70772.8471154626</X>
         <Y>-77215.641414912</Y>
         <Z>876.101</Z>
         <M>0</M>
         <Tilt>-1</Tilt>
         <Rot>243.27</Rot>
      </Stage>
      <Beam>
         <ScanRot>9.99999970909292</ScanRot>
         <WD>0.00739465979859233</WD>
         <StigX>0.518019258975983</StigX>
         <StigY>0.0674799829721451</StigY>
      </Beam>
      <Detector>
         <B>73.2112350463867</B>
         <C>44.3711853027344</C>
      </Detector>
      <WDcomp mode="none"/>
   </Ref40>
   <Ref41>
      <Name>w08_st04_sec10</Name>
      <Complete>true</Complete>
      <Stage>
         <X>-70121.157279936</X>
         <Y>-84185.1256704187</Y>
         <Z>876.101</Z>
         <M>0</M>
         <Tilt>-1</Tilt>
         <Rot>243.27</Rot>
      </Stage>
      <Beam>
         <ScanRot>9.99999970909292</ScanRot>
         <WD>0.00739465979859233</WD>
         <StigX>0.518019258975983</StigX>
         <StigY>0.0674799829721451</StigY>
      </Beam>
      <Detector>
         <B>73.2112350463867</B>
         <C>44.3711853027344</C>
      </Detector>
      <WDcomp mode="none"/>
   </Ref41>
   <Ref42>
      <Name>w08_st04_sec11</Name>
      <Complete>true</Complete>
      <Stage>
         <X>-69469.4674444094</X>
         <Y>-91154.6099259253</Y>
         <Z>876.101</Z>
         <M>0</M>
         <Tilt>-1</Tilt>
         <Rot>243.27</Rot>
      </Stage>
      <Beam>
         <ScanRot>9.99999970909292</ScanRot>
         <WD>0.00739465979859233</WD>
         <StigX>0.518019258975983</StigX>
         <StigY>0.0674799829721451</StigY>
      </Beam>
      <Detector>
         <B>73.2112350463867</B>
         <C>44.3711853027344</C>
      </Detector>
      <WDcomp mode="none"/>
   </Ref42>
   <Ref43>
      <Name>w08_st04_sec12</Name>
      <Complete>true</Complete>
      <Stage>
         <X>-68727.1227163727</X>
         <Y>-98018.0934153266</Y>
         <Z>876.101</Z>
         <M>0</M>
         <Tilt>-1</Tilt>
         <Rot>243.27</Rot>
      </Stage>
      <Beam>
         <ScanRot>9.99999970909292</ScanRot>
         <WD>0.00739465979859233</WD>
         <StigX>0.518019258975983</StigX>
         <StigY>0.0674799829721451</StigY>
      </Beam>
      <Detector>
         <B>73.2112350463867</B>
         <C>44.3711853027344</C>
      </Detector>
      <WDcomp mode="none"/>
   </Ref43>
   <Ref44>
      <Name>w08_st05_sec01</Name>
      <Complete>true</Complete>
      <Stage>
         <X>-67381.1825212013</X>
         <Y>-15048.8981493714</Y>
         <Z>876.101</Z>
         <M>0</M>
         <Tilt>-1</Tilt>
         <Rot>243.27</Rot>
      </Stage>
      <Beam>
         <ScanRot>9.99999970909292</ScanRot>
         <WD>0.00739465979859233</WD>
         <StigX>0.518019258975983</StigX>
         <StigY>0.0674799829721451</StigY>
      </Beam>
      <Detector>
         <B>73.2112350463867</B>
         <C>44.3711853027344</C>
      </Detector>
      <WDcomp mode="none"/>
   </Ref44>
   <Ref45>
      <Name>w08_st05_sec02</Name>
      <Complete>true</Complete>
      <Stage>
         <X>-66737.284837661</X>
         <Y>-21920.1117795779</Y>
         <Z>876.101</Z>
         <M>0</M>
         <Tilt>-1</Tilt>
         <Rot>243.27</Rot>
      </Stage>
      <Beam>
         <ScanRot>9.99999970909292</ScanRot>
         <WD>0.00739465979859233</WD>
         <StigX>0.518019258975983</StigX>
         <StigY>0.0674799829721451</StigY>
      </Beam>
      <Detector>
         <B>73.2112350463867</B>
         <C>44.3711853027344</C>
      </Detector>
      <WDcomp mode="none"/>
   </Ref45>
   <Ref46>
      <Name>w08_st05_sec03</Name>
      <Complete>true</Complete>
      <Stage>
         <X>-66184.042046631</X>
         <Y>-28897.3261758897</Y>
         <Z>876.101</Z>
         <M>0</M>
         <Tilt>-1</Tilt>
         <Rot>243.27</Rot>
      </Stage>
      <Beam>
         <ScanRot>9.99999970909292</ScanRot>
         <WD>0.00739465979859233</WD>
         <StigX>0.518019258975983</StigX>
         <StigY>0.0674799829721451</StigY>
      </Beam>
      <Detector>
         <B>73.2112350463867</B>
         <C>44.3711853027344</C>
      </Detector>
      <WDcomp mode="none"/>
   </Ref46>
   <Ref47>
      <Name>w08_st05_sec04</Name>
      <Complete>true</Complete>
      <Stage>
         <X>-65532.3522111044</X>
         <Y>-35866.8104313964</Y>
         <Z>876.101</Z>
         <M>0</M>
         <Tilt>-1</Tilt>
         <Rot>243.27</Rot>
      </Stage>
      <Beam>
         <ScanRot>9.99999970909292</ScanRot>
         <WD>0.00739465979859233</WD>
         <StigX>0.518019258975983</StigX>
         <StigY>0.0674799829721451</StigY>
      </Beam>
      <Detector>
         <B>73.2112350463867</B>
         <C>44.3711853027344</C>
      </Detector>
      <WDcomp mode="none"/>
   </Ref47>
   <Ref48>
      <Name>w08_st05_sec05</Name>
      <Complete>true</Complete>
      <Stage>
         <X>-64872.8702235914</X>
         <Y>-42934.5653122032</Y>
         <Z>876.101</Z>
         <M>0</M>
         <Tilt>-1</Tilt>
         <Rot>243.27</Rot>
      </Stage>
      <Beam>
         <ScanRot>9.99999970909292</ScanRot>
         <WD>0.00739465979859233</WD>
         <StigX>0.518019258975983</StigX>
         <StigY>0.0674799829721451</StigY>
      </Beam>
      <Detector>
         <B>73.2112350463867</B>
         <C>44.3711853027344</C>
      </Detector>
      <WDcomp mode="none"/>
   </Ref48>
   <Ref49>
      <Name>w08_st05_sec06</Name>
      <Complete>true</Complete>
      <Stage>
         <X>-64213.3882360785</X>
         <Y>-50002.32019301</Y>
         <Z>876.101</Z>
         <M>0</M>
         <Tilt>-1</Tilt>
         <Rot>243.27</Rot>
      </Stage>
      <Beam>
         <ScanRot>9.99999970909292</ScanRot>
         <WD>0.00739465979859233</WD>
         <StigX>0.518019258975983</StigX>
         <StigY>0.0674799829721451</StigY>
      </Beam>
      <Detector>
         <B>73.2112350463867</B>
         <C>44.3711853027344</C>
      </Detector>
      <WDcomp mode="none"/>
   </Ref49>
   <Ref50>
      <Name>w08_st05_sec07</Name>
      <Complete>true</Complete>
      <Stage>
         <X>-63652.3532930621</X>
         <Y>-57077.805214622</Y>
         <Z>876.101</Z>
         <M>0</M>
         <Tilt>-1</Tilt>
         <Rot>243.27</Rot>
      </Stage>
      <Beam>
         <ScanRot>9.99999970909292</ScanRot>
         <WD>0.00739465979859233</WD>
         <StigX>0.518019258975983</StigX>
         <StigY>0.0674799829721451</StigY>
      </Beam>
      <Detector>
         <B>73.2112350463867</B>
         <C>44.3711853027344</C>
      </Detector>
      <WDcomp mode="none"/>
   </Ref50>
   <Ref51>
      <Name>w08_st05_sec08</Name>
      <Complete>true</Complete>
      <Stage>
         <X>-63000.6634575355</X>
         <Y>-64047.2894701286</Y>
         <Z>876.101</Z>
         <M>0</M>
         <Tilt>-1</Tilt>
         <Rot>243.27</Rot>
      </Stage>
      <Beam>
         <ScanRot>9.99999970909292</ScanRot>
         <WD>0.00739465979859233</WD>
         <StigX>0.518019258975983</StigX>
         <StigY>0.0674799829721451</StigY>
      </Beam>
      <Detector>
         <B>73.2112350463867</B>
         <C>44.3711853027344</C>
      </Detector>
      <WDcomp mode="none"/>
   </Ref51>
   <Ref52>
      <Name>w08_st05_sec09</Name>
      <Complete>true</Complete>
      <Stage>
         <X>-62455.2128184918</X>
         <Y>-70926.2332411403</Y>
         <Z>876.101</Z>
         <M>0</M>
         <Tilt>-1</Tilt>
         <Rot>243.27</Rot>
      </Stage>
      <Beam>
         <ScanRot>9.99999970909292</ScanRot>
         <WD>0.00739465979859233</WD>
         <StigX>0.518019258975983</StigX>
         <StigY>0.0674799829721451</StigY>
      </Beam>
      <Detector>
         <B>73.2112350463867</B>
         <C>44.3711853027344</C>
      </Detector>
      <WDcomp mode="none"/>
   </Ref52>
   <Ref53>
      <Name>w08_st05_sec10</Name>
      <Complete>true</Complete>
      <Stage>
         <X>-61705.0759384687</X>
         <Y>-77887.9873558417</Y>
         <Z>876.101</Z>
         <M>0</M>
         <Tilt>-1</Tilt>
         <Rot>243.27</Rot>
      </Stage>
      <Beam>
         <ScanRot>9.99999970909292</ScanRot>
         <WD>0.00739465979859233</WD>
         <StigX>0.518019258975983</StigX>
         <StigY>0.0674799829721451</StigY>
      </Beam>
      <Detector>
         <B>73.2112350463867</B>
         <C>44.3711853027344</C>
      </Detector>
      <WDcomp mode="none"/>
   </Ref53>
   <Ref54>
      <Name>w08_st05_sec11</Name>
      <Complete>true</Complete>
      <Stage>
         <X>-61144.0409954523</X>
         <Y>-84963.4723774537</Y>
         <Z>876.101</Z>
         <M>0</M>
         <Tilt>-1</Tilt>
         <Rot>243.27</Rot>
      </Stage>
      <Beam>
         <ScanRot>9.99999970909292</ScanRot>
         <WD>0.00739465979859233</WD>
         <StigX>0.518019258975983</StigX>
         <StigY>0.0674799829721451</StigY>
      </Beam>
      <Detector>
         <B>73.2112350463867</B>
         <C>44.3711853027344</C>
      </Detector>
      <WDcomp mode="none"/>
   </Ref54>
   <Ref55>
      <Name>w08_st05_sec12</Name>
      <Complete>true</Complete>
      <Stage>
         <X>-60541.574682174</X>
         <Y>-91936.8217033629</Y>
         <Z>876.101</Z>
         <M>0</M>
         <Tilt>-1</Tilt>
         <Rot>243.27</Rot>
      </Stage>
      <Beam>
         <ScanRot>9.99999970909292</ScanRot>
         <WD>0.00739465979859233</WD>
         <StigX>0.518019258975983</StigX>
         <StigY>0.0674799829721451</StigY>
      </Beam>
      <Detector>
         <B>73.2112350463867</B>
         <C>44.3711853027344</C>
      </Detector>
      <WDcomp mode="none"/>
   </Ref55>
   <Ref56>
      <Name>w08_st05_sec13</Name>
      <Complete>true</Complete>
      <Stage>
         <X>-59840.6613243991</X>
         <Y>-98902.440888467</Y>
         <Z>876.101</Z>
         <M>0</M>
         <Tilt>-1</Tilt>
         <Rot>243.27</Rot>
      </Stage>
      <Beam>
         <ScanRot>9.99999970909292</ScanRot>
         <WD>0.00739465979859233</WD>
         <StigX>0.518019258975983</StigX>
         <StigY>0.0674799829721451</StigY>
      </Beam>
      <Detector>
         <B>73.2112350463867</B>
         <C>44.3711853027344</C>
      </Detector>
      <WDcomp mode="none"/>
   </Ref56>
   <Ref57>
      <Name>w08_st06_sec01</Name>
      <Complete>true</Complete>
      <Stage>
         <X>-59352.4268530771</X>
         <Y>-15110.6511212519</Y>
         <Z>876.101</Z>
         <M>0</M>
         <Tilt>-1</Tilt>
         <Rot>243.27</Rot>
      </Stage>
      <Beam>
         <ScanRot>9.99999970909292</ScanRot>
         <WD>0.00739465979859233</WD>
         <StigX>0.518019258975983</StigX>
         <StigY>0.0674799829721451</StigY>
      </Beam>
      <Detector>
         <B>73.2112350463867</B>
         <C>44.3711853027344</C>
      </Detector>
      <WDcomp mode="none"/>
   </Ref57>
   <Ref58>
      <Name>w08_st06_sec02</Name>
      <Complete>true</Complete>
      <Stage>
         <X>-58716.3213215232</X>
         <Y>-21883.5941261582</Y>
         <Z>876.101</Z>
         <M>0</M>
         <Tilt>-1</Tilt>
         <Rot>243.27</Rot>
      </Stage>
      <Beam>
         <ScanRot>9.99999970909292</ScanRot>
         <WD>0.00739465979859233</WD>
         <StigX>0.518019258975983</StigX>
         <StigY>0.0674799829721451</StigY>
      </Beam>
      <Detector>
         <B>73.2112350463867</B>
         <C>44.3711853027344</C>
      </Detector>
      <WDcomp mode="none"/>
   </Ref58>
   <Ref59>
      <Name>w08_st06_sec03</Name>
      <Complete>true</Complete>
      <Stage>
         <X>-57966.1844415001</X>
         <Y>-28845.3482408596</Y>
         <Z>876.101</Z>
         <M>0</M>
         <Tilt>-1</Tilt>
         <Rot>243.27</Rot>
      </Stage>
      <Beam>
         <ScanRot>9.99999970909292</ScanRot>
         <WD>0.00739465979859233</WD>
         <StigX>0.518019258975983</StigX>
         <StigY>0.0674799829721451</StigY>
      </Beam>
      <Detector>
         <B>73.2112350463867</B>
         <C>44.3711853027344</C>
      </Detector>
      <WDcomp mode="none"/>
   </Ref59>
   <Ref60>
      <Name>w08_st06_sec04</Name>
      <Complete>true</Complete>
      <Stage>
         <X>-57314.4946059735</X>
         <Y>-35814.8324963663</Y>
         <Z>876.101</Z>
         <M>0</M>
         <Tilt>-1</Tilt>
         <Rot>243.27</Rot>
      </Stage>
      <Beam>
         <ScanRot>9.99999970909292</ScanRot>
         <WD>0.00739465979859233</WD>
         <StigX>0.518019258975983</StigX>
         <StigY>0.0674799829721451</StigY>
      </Beam>
      <Detector>
         <B>73.2112350463867</B>
         <C>44.3711853027344</C>
      </Detector>
      <WDcomp mode="none"/>
   </Ref60>
   <Ref61>
      <Name>w08_st06_sec05</Name>
      <Complete>true</Complete>
      <Stage>
         <X>-56670.5969224332</X>
         <Y>-42686.0461265728</Y>
         <Z>876.101</Z>
         <M>0</M>
         <Tilt>-1</Tilt>
         <Rot>243.27</Rot>
      </Stage>
      <Beam>
         <ScanRot>9.99999970909292</ScanRot>
         <WD>0.00739465979859233</WD>
         <StigX>0.518019258975983</StigX>
         <StigY>0.0674799829721451</StigY>
      </Beam>
      <Detector>
         <B>73.2112350463867</B>
         <C>44.3711853027344</C>
      </Detector>
      <WDcomp mode="none"/>
   </Ref61>
   <Ref62>
      <Name>w08_st06_sec06</Name>
      <Complete>true</Complete>
      <Stage>
         <X>-56018.9070869066</X>
         <Y>-49655.5303820794</Y>
         <Z>876.101</Z>
         <M>0</M>
         <Tilt>-1</Tilt>
         <Rot>243.27</Rot>
      </Stage>
      <Beam>
         <ScanRot>9.99999970909292</ScanRot>
         <WD>0.00739465979859233</WD>
         <StigX>0.518019258975983</StigX>
         <StigY>0.0674799829721451</StigY>
      </Beam>
      <Detector>
         <B>73.2112350463867</B>
         <C>44.3711853027344</C>
      </Detector>
      <WDcomp mode="none"/>
   </Ref62>
   <Ref63>
      <Name>w08_st06_sec07</Name>
      <Complete>true</Complete>
      <Stage>
         <X>-55268.7702068835</X>
         <Y>-56617.2844967808</Y>
         <Z>876.101</Z>
         <M>0</M>
         <Tilt>-1</Tilt>
         <Rot>243.27</Rot>
      </Stage>
      <Beam>
         <ScanRot>9.99999970909292</ScanRot>
         <WD>0.00739465979859233</WD>
         <StigX>0.518019258975983</StigX>
         <StigY>0.0674799829721451</StigY>
      </Beam>
      <Detector>
         <B>73.2112350463867</B>
         <C>44.3711853027344</C>
      </Detector>
      <WDcomp mode="none"/>
   </Ref63>
   <Ref64>
      <Name>w08_st06_sec08</Name>
      <Complete>true</Complete>
      <Stage>
         <X>-54715.5274158535</X>
         <Y>-63594.4988930927</Y>
         <Z>876.101</Z>
         <M>0</M>
         <Tilt>-1</Tilt>
         <Rot>243.27</Rot>
      </Stage>
      <Beam>
         <ScanRot>9.99999970909292</ScanRot>
         <WD>0.00739465979859233</WD>
         <StigX>0.518019258975983</StigX>
         <StigY>0.0674799829721451</StigY>
      </Beam>
      <Detector>
         <B>73.2112350463867</B>
         <C>44.3711853027344</C>
      </Detector>
      <WDcomp mode="none"/>
   </Ref64>
   <Ref65>
      <Name>w08_st06_sec09</Name>
      <Complete>true</Complete>
      <Stage>
         <X>-54048.2532763542</X>
         <Y>-70760.5243991996</Y>
         <Z>876.101</Z>
         <M>0</M>
         <Tilt>-1</Tilt>
         <Rot>243.27</Rot>
      </Stage>
      <Beam>
         <ScanRot>9.99999970909292</ScanRot>
         <WD>0.00739465979859233</WD>
         <StigX>0.518019258975983</StigX>
         <StigY>0.0674799829721451</StigY>
      </Beam>
      <Detector>
         <B>73.2112350463867</B>
         <C>44.3711853027344</C>
      </Detector>
      <WDcomp mode="none"/>
   </Ref65>
   <Ref66>
      <Name>w08_st06_sec10</Name>
      <Complete>true</Complete>
      <Stage>
         <X>-53404.3555928139</X>
         <Y>-77631.7380294061</Y>
         <Z>876.101</Z>
         <M>0</M>
         <Tilt>-1</Tilt>
         <Rot>243.27</Rot>
      </Stage>
      <Beam>
         <ScanRot>9.99999970909292</ScanRot>
         <WD>0.00739465979859233</WD>
         <StigX>0.518019258975983</StigX>
         <StigY>0.0674799829721451</StigY>
      </Beam>
      <Detector>
         <B>73.2112350463867</B>
         <C>44.3711853027344</C>
      </Detector>
      <WDcomp mode="none"/>
   </Ref66>
   <Ref67>
      <Name>w08_st06_sec11</Name>
      <Complete>true</Complete>
      <Stage>
         <X>-52752.6657572874</X>
         <Y>-84601.2222849127</Y>
         <Z>876.101</Z>
         <M>0</M>
         <Tilt>-1</Tilt>
         <Rot>243.27</Rot>
      </Stage>
      <Beam>
         <ScanRot>9.99999970909292</ScanRot>
         <WD>0.00739465979859233</WD>
         <StigX>0.518019258975983</StigX>
         <StigY>0.0674799829721451</StigY>
      </Beam>
      <Detector>
         <B>73.2112350463867</B>
         <C>44.3711853027344</C>
      </Detector>
      <WDcomp mode="none"/>
   </Ref67>
   <Ref68>
      <Name>w08_st06_sec12</Name>
      <Complete>true</Complete>
      <Stage>
         <X>-52093.1837697744</X>
         <Y>-91668.9771657195</Y>
         <Z>876.101</Z>
         <M>0</M>
         <Tilt>-1</Tilt>
         <Rot>243.27</Rot>
      </Stage>
      <Beam>
         <ScanRot>9.99999970909292</ScanRot>
         <WD>0.00739465979859233</WD>
         <StigX>0.518019258975983</StigX>
         <StigY>0.0674799829721451</StigY>
      </Beam>
      <Detector>
         <B>73.2112350463867</B>
         <C>44.3711853027344</C>
      </Detector>
      <WDcomp mode="none"/>
   </Ref68>
   <Ref69>
      <Name>w08_st06_sec13</Name>
      <Complete>true</Complete>
      <Stage>
         <X>-51457.0782382205</X>
         <Y>-98441.9201706258</Y>
         <Z>876.101</Z>
         <M>0</M>
         <Tilt>-1</Tilt>
         <Rot>243.27</Rot>
      </Stage>
      <Beam>
         <ScanRot>9.99999970909292</ScanRot>
         <WD>0.00739465979859233</WD>
         <StigX>0.518019258975983</StigX>
         <StigY>0.0674799829721451</StigY>
      </Beam>
      <Detector>
         <B>73.2112350463867</B>
         <C>44.3711853027344</C>
      </Detector>
      <WDcomp mode="none"/>
   </Ref69>
   <Ref70>
      <Name>w08_st07_sec01</Name>
      <Complete>true</Complete>
      <Stage>
         <X>-50504.165579044</X>
         <Y>-19261.1196517134</Y>
         <Z>876.101</Z>
         <M>0</M>
         <Tilt>-1</Tilt>
         <Rot>243.27</Rot>
      </Stage>
      <Beam>
         <ScanRot>9.99999970909292</ScanRot>
         <WD>0.00739465979859233</WD>
         <StigX>0.518019258975983</StigX>
         <StigY>0.0674799829721451</StigY>
      </Beam>
      <Detector>
         <B>73.2112350463867</B>
         <C>44.3711853027344</C>
      </Detector>
      <WDcomp mode="none"/>
   </Ref70>
   <Ref71>
      <Name>w08_st07_sec02</Name>
      <Complete>true</Complete>
      <Stage>
         <X>-49754.0286990209</X>
         <Y>-26222.8737664148</Y>
         <Z>876.101</Z>
         <M>0</M>
         <Tilt>-1</Tilt>
         <Rot>243.27</Rot>
      </Stage>
      <Beam>
         <ScanRot>9.99999970909292</ScanRot>
         <WD>0.00739465979859233</WD>
         <StigX>0.518019258975983</StigX>
         <StigY>0.0674799829721451</StigY>
      </Beam>
      <Detector>
         <B>73.2112350463867</B>
         <C>44.3711853027344</C>
      </Detector>
      <WDcomp mode="none"/>
   </Ref71>
   <Ref72>
      <Name>w08_st07_sec03</Name>
      <Complete>true</Complete>
      <Stage>
         <X>-49102.3388634943</X>
         <Y>-33192.3580219215</Y>
         <Z>876.101</Z>
         <M>0</M>
         <Tilt>-1</Tilt>
         <Rot>243.27</Rot>
      </Stage>
      <Beam>
         <ScanRot>9.99999970909292</ScanRot>
         <WD>0.00739465979859233</WD>
         <StigX>0.518019258975983</StigX>
         <StigY>0.0674799829721451</StigY>
      </Beam>
      <Detector>
         <B>73.2112350463867</B>
         <C>44.3711853027344</C>
      </Detector>
      <WDcomp mode="none"/>
   </Ref72>
   <Ref73>
      <Name>w08_st07_sec04</Name>
      <Complete>true</Complete>
      <Stage>
         <X>-48352.2019834712</X>
         <Y>-40154.1121366229</Y>
         <Z>876.101</Z>
         <M>0</M>
         <Tilt>-1</Tilt>
         <Rot>243.27</Rot>
      </Stage>
      <Beam>
         <ScanRot>9.99999970909292</ScanRot>
         <WD>0.00739465979859233</WD>
         <StigX>0.518019258975983</StigX>
         <StigY>0.0674799829721451</StigY>
      </Beam>
      <Detector>
         <B>73.2112350463867</B>
         <C>44.3711853027344</C>
      </Detector>
      <WDcomp mode="none"/>
   </Ref73>
   <Ref74>
      <Name>w08_st07_sec05</Name>
      <Complete>true</Complete>
      <Stage>
         <X>-47700.5121479446</X>
         <Y>-47123.5963921296</Y>
         <Z>876.101</Z>
         <M>0</M>
         <Tilt>-1</Tilt>
         <Rot>243.27</Rot>
      </Stage>
      <Beam>
         <ScanRot>9.99999970909292</ScanRot>
         <WD>0.00739465979859233</WD>
         <StigX>0.518019258975983</StigX>
         <StigY>0.0674799829721451</StigY>
      </Beam>
      <Detector>
         <B>73.2112350463867</B>
         <C>44.3711853027344</C>
      </Detector>
      <WDcomp mode="none"/>
   </Ref74>
   <Ref75>
      <Name>w08_st07_sec06</Name>
      <Complete>true</Complete>
      <Stage>
         <X>-47048.822312418</X>
         <Y>-54093.0806476362</Y>
         <Z>876.101</Z>
         <M>0</M>
         <Tilt>-1</Tilt>
         <Rot>243.27</Rot>
      </Stage>
      <Beam>
         <ScanRot>9.99999970909292</ScanRot>
         <WD>0.00739465979859233</WD>
         <StigX>0.518019258975983</StigX>
         <StigY>0.0674799829721451</StigY>
      </Beam>
      <Detector>
         <B>73.2112350463867</B>
         <C>44.3711853027344</C>
      </Detector>
      <WDcomp mode="none"/>
   </Ref75>
   <Ref76>
      <Name>w08_st07_sec07</Name>
      <Complete>true</Complete>
      <Stage>
         <X>-46495.579521388</X>
         <Y>-61070.295043948</Y>
         <Z>876.101</Z>
         <M>0</M>
         <Tilt>-1</Tilt>
         <Rot>243.27</Rot>
      </Stage>
      <Beam>
         <ScanRot>9.99999970909292</ScanRot>
         <WD>0.00739465979859233</WD>
         <StigX>0.518019258975983</StigX>
         <StigY>0.0674799829721451</StigY>
      </Beam>
      <Detector>
         <B>73.2112350463867</B>
         <C>44.3711853027344</C>
      </Detector>
      <WDcomp mode="none"/>
   </Ref76>
   <Ref77>
      <Name>w08_st07_sec08</Name>
      <Complete>true</Complete>
      <Stage>
         <X>-45843.8896858614</X>
         <Y>-68039.7792994546</Y>
         <Z>876.101</Z>
         <M>0</M>
         <Tilt>-1</Tilt>
         <Rot>243.27</Rot>
      </Stage>
      <Beam>
         <ScanRot>9.99999970909292</ScanRot>
         <WD>0.00739465979859233</WD>
         <StigX>0.518019258975983</StigX>
         <StigY>0.0674799829721451</StigY>
      </Beam>
      <Detector>
         <B>73.2112350463867</B>
         <C>44.3711853027344</C>
      </Detector>
      <WDcomp mode="none"/>
   </Ref77>
   <Ref78>
      <Name>w08_st07_sec09</Name>
      <Complete>true</Complete>
      <Stage>
         <X>-45192.1998503348</X>
         <Y>-75009.2635549613</Y>
         <Z>876.101</Z>
         <M>0</M>
         <Tilt>-1</Tilt>
         <Rot>243.27</Rot>
      </Stage>
      <Beam>
         <ScanRot>9.99999970909292</ScanRot>
         <WD>0.00739465979859233</WD>
         <StigX>0.518019258975983</StigX>
         <StigY>0.0674799829721451</StigY>
      </Beam>
      <Detector>
         <B>73.2112350463867</B>
         <C>44.3711853027344</C>
      </Detector>
      <WDcomp mode="none"/>
   </Ref78>
   <Ref79>
      <Name>w08_st07_sec10</Name>
      <Complete>true</Complete>
      <Stage>
         <X>-44601.421765036</X>
         <Y>-81835.2069429203</Y>
         <Z>876.101</Z>
         <M>0</M>
         <Tilt>-1</Tilt>
         <Rot>243.27</Rot>
      </Stage>
      <Beam>
         <ScanRot>9.99999970909292</ScanRot>
         <WD>0.00739465979859233</WD>
         <StigX>0.518019258975983</StigX>
         <StigY>0.0674799829721451</StigY>
      </Beam>
      <Detector>
         <B>73.2112350463867</B>
         <C>44.3711853027344</C>
      </Detector>
      <WDcomp mode="none"/>
   </Ref79>
   <Ref80>
      <Name>w08_st07_sec11</Name>
      <Complete>true</Complete>
      <Stage>
         <X>-43987.2672237781</X>
         <Y>-88955.9622067798</Y>
         <Z>876.101</Z>
         <M>0</M>
         <Tilt>-1</Tilt>
         <Rot>243.27</Rot>
      </Stage>
      <Beam>
         <ScanRot>9.99999970909292</ScanRot>
         <WD>0.00739465979859233</WD>
         <StigX>0.518019258975983</StigX>
         <StigY>0.0674799829721451</StigY>
      </Beam>
      <Detector>
         <B>73.2112350463867</B>
         <C>44.3711853027344</C>
      </Detector>
      <WDcomp mode="none"/>
   </Ref80>
   <Ref81>
      <Name>w08_st07_sec12</Name>
      <Complete>true</Complete>
      <Stage>
         <X>-43441.8165847344</X>
         <Y>-95834.9059777914</Y>
         <Z>876.101</Z>
         <M>0</M>
         <Tilt>-1</Tilt>
         <Rot>243.27</Rot>
      </Stage>
      <Beam>
         <ScanRot>9.99999970909292</ScanRot>
         <WD>0.00739465979859233</WD>
         <StigX>0.518019258975983</StigX>
         <StigY>0.0674799829721451</StigY>
      </Beam>
      <Detector>
         <B>73.2112350463867</B>
         <C>44.3711853027344</C>
      </Detector>
      <WDcomp mode="none"/>
   </Ref81>
   <Ref82>
      <Name>w08_st08_sec01</Name>
      <Complete>true</Complete>
      <Stage>
         <X>-41588.6258684598</X>
         <Y>-23010.775540169</Y>
         <Z>876.101</Z>
         <M>0</M>
         <Tilt>-1</Tilt>
         <Rot>243.27</Rot>
      </Stage>
      <Beam>
         <ScanRot>9.99999970909292</ScanRot>
         <WD>0.00739465979859233</WD>
         <StigX>0.518019258975983</StigX>
         <StigY>0.0674799829721451</StigY>
      </Beam>
      <Detector>
         <B>73.2112350463867</B>
         <C>44.3711853027344</C>
      </Detector>
      <WDcomp mode="none"/>
   </Ref82>
   <Ref83>
      <Name>w08_st08_sec02</Name>
      <Complete>true</Complete>
      <Stage>
         <X>-40936.9360329332</X>
         <Y>-29980.2597956757</Y>
         <Z>876.101</Z>
         <M>0</M>
         <Tilt>-1</Tilt>
         <Rot>243.27</Rot>
      </Stage>
      <Beam>
         <ScanRot>9.99999970909292</ScanRot>
         <WD>0.00739465979859233</WD>
         <StigX>0.518019258975983</StigX>
         <StigY>0.0674799829721451</StigY>
      </Beam>
      <Detector>
         <B>73.2112350463867</B>
         <C>44.3711853027344</C>
      </Detector>
      <WDcomp mode="none"/>
   </Ref83>
   <Ref84>
      <Name>w08_st08_sec03</Name>
      <Complete>true</Complete>
      <Stage>
         <X>-40236.0226751583</X>
         <Y>-36945.8789807797</Y>
         <Z>876.101</Z>
         <M>0</M>
         <Tilt>-1</Tilt>
         <Rot>243.27</Rot>
      </Stage>
      <Beam>
         <ScanRot>9.99999970909292</ScanRot>
         <WD>0.00739465979859233</WD>
         <StigX>0.518019258975983</StigX>
         <StigY>0.0674799829721451</StigY>
      </Beam>
      <Detector>
         <B>73.2112350463867</B>
         <C>44.3711853027344</C>
      </Detector>
      <WDcomp mode="none"/>
   </Ref84>
   <Ref85>
      <Name>w08_st08_sec04</Name>
      <Complete>true</Complete>
      <Stage>
         <X>-39633.55636188</X>
         <Y>-43919.2283066889</Y>
         <Z>876.101</Z>
         <M>0</M>
         <Tilt>-1</Tilt>
         <Rot>243.27</Rot>
      </Stage>
      <Beam>
         <ScanRot>9.99999970909292</ScanRot>
         <WD>0.00739465979859233</WD>
         <StigX>0.518019258975983</StigX>
         <StigY>0.0674799829721451</StigY>
      </Beam>
      <Detector>
         <B>73.2112350463867</B>
         <C>44.3711853027344</C>
      </Detector>
      <WDcomp mode="none"/>
   </Ref85>
   <Ref86>
      <Name>w08_st08_sec05</Name>
      <Complete>true</Complete>
      <Stage>
         <X>-38989.6586783397</X>
         <Y>-50790.4419368954</Y>
         <Z>876.101</Z>
         <M>0</M>
         <Tilt>-1</Tilt>
         <Rot>243.27</Rot>
      </Stage>
      <Beam>
         <ScanRot>9.99999970909292</ScanRot>
         <WD>0.00739465979859233</WD>
         <StigX>0.518019258975983</StigX>
         <StigY>0.0674799829721451</StigY>
      </Beam>
      <Detector>
         <B>73.2112350463867</B>
         <C>44.3711853027344</C>
      </Detector>
      <WDcomp mode="none"/>
   </Ref86>
   <Ref87>
      <Name>w08_st08_sec06</Name>
      <Complete>true</Complete>
      <Stage>
         <X>-38292.6413965581</X>
         <Y>-57706.9258093494</Y>
         <Z>876.101</Z>
         <M>0</M>
         <Tilt>-1</Tilt>
         <Rot>243.27</Rot>
      </Stage>
      <Beam>
         <ScanRot>9.99999970909292</ScanRot>
         <WD>0.00739465979859233</WD>
         <StigX>0.518019258975983</StigX>
         <StigY>0.0674799829721451</StigY>
      </Beam>
      <Detector>
         <B>73.2112350463867</B>
         <C>44.3711853027344</C>
      </Detector>
      <WDcomp mode="none"/>
   </Ref87>
   <Ref88>
      <Name>w08_st08_sec07</Name>
      <Complete>true</Complete>
      <Stage>
         <X>-37587.83196279</X>
         <Y>-64721.6803071035</Y>
         <Z>876.101</Z>
         <M>0</M>
         <Tilt>-1</Tilt>
         <Rot>243.27</Rot>
      </Stage>
      <Beam>
         <ScanRot>9.99999970909292</ScanRot>
         <WD>0.00739465979859233</WD>
         <StigX>0.518019258975983</StigX>
         <StigY>0.0674799829721451</StigY>
      </Beam>
      <Detector>
         <B>73.2112350463867</B>
         <C>44.3711853027344</C>
      </Detector>
      <WDcomp mode="none"/>
   </Ref88>
   <Ref89>
      <Name>w08_st08_sec08</Name>
      <Complete>true</Complete>
      <Stage>
         <X>-36829.9029307805</X>
         <Y>-71781.7050471051</Y>
         <Z>876.101</Z>
         <M>0</M>
         <Tilt>-1</Tilt>
         <Rot>243.27</Rot>
      </Stage>
      <Beam>
         <ScanRot>9.99999970909292</ScanRot>
         <WD>0.00739465979859233</WD>
         <StigX>0.518019258975983</StigX>
         <StigY>0.0674799829721451</StigY>
      </Beam>
      <Detector>
         <B>73.2112350463867</B>
         <C>44.3711853027344</C>
      </Detector>
      <WDcomp mode="none"/>
   </Ref89>
   <Ref90>
      <Name>w08_st08_sec09</Name>
      <Complete>true</Complete>
      <Stage>
         <X>-36268.8679877642</X>
         <Y>-78857.1900687171</Y>
         <Z>876.101</Z>
         <M>0</M>
         <Tilt>-1</Tilt>
         <Rot>243.27</Rot>
      </Stage>
      <Beam>
         <ScanRot>9.99999970909292</ScanRot>
         <WD>0.00739465979859233</WD>
         <StigX>0.518019258975983</StigX>
         <StigY>0.0674799829721451</StigY>
      </Beam>
      <Detector>
         <B>73.2112350463867</B>
         <C>44.3711853027344</C>
      </Detector>
      <WDcomp mode="none"/>
   </Ref90>
   <Ref91>
      <Name>w08_st08_sec10</Name>
      <Complete>true</Complete>
      <Stage>
         <X>-35510.9389557547</X>
         <Y>-85917.2148087187</Y>
         <Z>876.101</Z>
         <M>0</M>
         <Tilt>-1</Tilt>
         <Rot>243.27</Rot>
      </Stage>
      <Beam>
         <ScanRot>9.99999970909292</ScanRot>
         <WD>0.00739465979859233</WD>
         <StigX>0.518019258975983</StigX>
         <StigY>0.0674799829721451</StigY>
      </Beam>
      <Detector>
         <B>73.2112350463867</B>
         <C>44.3711853027344</C>
      </Detector>
      <WDcomp mode="none"/>
   </Ref91>
   <Ref92>
      <Name>w08_st08_sec11</Name>
      <Complete>true</Complete>
      <Stage>
         <X>-34957.6961647247</X>
         <Y>-92894.4292050305</Y>
         <Z>876.101</Z>
         <M>0</M>
         <Tilt>-1</Tilt>
         <Rot>243.27</Rot>
      </Stage>
      <Beam>
         <ScanRot>9.99999970909292</ScanRot>
         <WD>0.00739465979859233</WD>
         <StigX>0.518019258975983</StigX>
         <StigY>0.0674799829721451</StigY>
      </Beam>
      <Detector>
         <B>73.2112350463867</B>
         <C>44.3711853027344</C>
      </Detector>
      <WDcomp mode="none"/>
   </Ref92>
   <MosaicSetup>
      <Mode>Center</Mode>
      <Center>
         <X>-34494.739</X>
         <Y>-93101.881</Y>
      </Center>
      <Width>1</Width>
      <Height>1</Height>
      <PixelSize>5000</PixelSize>
      <TileWidth>2048</TileWidth>
      <TileHeight>2048</TileHeight>
      <DwellTime>300.000011920929</DwellTime>
      <TileOverlapXum>0</TileOverlapXum>
      <TileOverlapYum>0</TileOverlapYum>
      <StageSettleTime>0</StageSettleTime>
      <Folder>C:\Documents and Settings\Administrator\Desktop\1000_section_wafer_08_overview_3-3-10\w08_st08_sec11</Folder>
      <Folder2/>
      <Filename>Tile</Filename>
      <Overview>No</Overview>
      <EHTOff>No</EHTOff>
      <DisableJoystick>No</DisableJoystick>
      <EmailProgress>No</EmailProgress>
      <EmailRecipient/>
      <DoFocusVerification>No</DoFocusVerification>
      <AutoTune>
         <AutoFocus>0</AutoFocus>
         <AutoStig>0</AutoStig>
         <AutoFocusAndStig>0</AutoFocusAndStig>
         <AutoTuneFOVRatio>3</AutoTuneFOVRatio>
         <AutoFocusInitialThreshold>4.99999987368938e-005</AutoFocusInitialThreshold>
         <AutoFocusStepThreshold>2.49999993684469e-005</AutoFocusStepThreshold>
         <AutoStigInitialThreshold>5</AutoStigInitialThreshold>
         <AutoStigStepThreshold>100</AutoStigStepThreshold>
         <AutoFocusAmplitude>-0.0149999996647239</AutoFocusAmplitude>
         <AutoTuneScanSpeed>-6</AutoTuneScanSpeed>
         <AutoBrightness>0</AutoBrightness>
         <AutoContrast>0</AutoContrast>
         <AutoBandC>0</AutoBandC>
         <AutoBCFOVRatio>10</AutoBCFOVRatio>
         <AutoBrightnessInitialThreshold>100</AutoBrightnessInitialThreshold>
         <AutoBrightnessStepThreshold>100</AutoBrightnessStepThreshold>
         <AutoContrastInitialThreshold>100</AutoContrastInitialThreshold>
         <AutoContrastStepThreshold>100</AutoContrastStepThreshold>
         <AutoBCScanSpeed>2</AutoBCScanSpeed>
         <AutoBCDelay>10</AutoBCDelay>
      </AutoTune>
      <ImageVerification>
         <DoImageVerification>false</DoImageVerification>
         <ScriptPath>C:\Documents and Settings\Administrator\Desktop\ImageVerify.exe</ScriptPath>
         <ScriptOptions/>
         <Repeats>2</Repeats>
         <Timeout>120</Timeout>
      </ImageVerification>
   </MosaicSetup>
</MosaicReferencePoints>